{"Q4AIpCVecjTzN2Qy+UFZ0Q==":"logo-693x615.jpg","hInzP6pR0bC87n0QHTsAXA==":"photo-800x600.jpg","epO43tKDt/QdaDm7OyQyVg==":"como-elaborar-um-bom-planejamento-estrategico-de-marketing-digital-700x400.jpg","u8Ypt2dwhP+eLXDhjK+Spg==":"imagem-1-planejamento-estrate%CC%81gico-como-montar-uma-estrate%CC%81gia-bem-sucedida-730x559.jpg","FoCyq4oFViYKyaJYt6M7/g==":"planilhacomparativo-436x137.png","rOJlS5bT1kIPkeQV0CIrCA==":"certificacao-scrum-psm-i-436x286.jpg","is6Um1Xies54hhKh1QX9+g==":"certificacao-scrum-psm-i-1-436x286.jpg","/gjdni6gm7gxU4xmJMYPhg==":"missao,%20visao%20e%20valores-676x380.jpg","pQp6Pmg5HKbMHLuYTrx1sA==":"mvv-676x305.png","KQVbDP/PQNF+c0rVgAYGHg==":"swot-442x294.png","JVulSEkTZMFu4w5JdEiFkw==":"swot-1-442x294.png","S9+2PUrMtBjU59UZ9ZuFug==":"swot-2-442x294.png","g84NCPDXLN02N0oY9nNz7w==":"swot-3-442x294.png","TYhQMJjCdsOec8+7GRRtKQ==":"mvv-1-676x305.png","t2q75ticC0M6ZIyg9EUU9w==":"swot-for-mobile-and-web-apps-676x327.jpg","OXvk+ge0Rxn/XoYhVbUbvw==":"mvv-2-676x305.png","ZpPfC421eXB/0xh5C5QZEA==":"mvv-3-676x305.png","wwbY97qttqYXl7Dr41INfw==":"mvv-4-676x305.png","95Sy/mvPbqWl3DDv8eSPeA==":"inventariar-436x315.jpg","7DZ47Uz7QijyP4EU1BbtLg==":"148424-x-dicas-para-melhorar-o-atendimento-de-ti-352x352.jpg","tpb5kE/yDCIcogLrK+t1Iw==":"seguranca-informacao-280x345.jpg","vv9r39ffiPSy50CNFxAYwA==":"inventariar%202-352x254.jpg","uhBvbTAicjUoTC5grNl2UQ==":"i%CC%81cone-seguranc%CC%A7a-da-informac%CC%A7a%CC%83o-352x352.png","j4qbXTjPP74Cx635B3d3yw==":"caixa-azul-do-software-com-cantos-arredondados-63156786-352x352.jpg","YFKmG5lA9TVbjZGAYbBg1Q==":"servicos-352x261.png","VowsDWtjL5WBbBnK+fzC+Q==":"images-225x224.jpg","kGYx9ubHePK12p9xmEDaJw==":"itil%20e%20cobit-436x162.png","0yQOLrNX/l9AC4PUKzsVmQ==":"orc%CC%A7amento-de-ti-436x286.jpg","9Q0hXm/fgUarPuDTQ7ie6Q==":"find_real_estate_broker-512-436x436.png","+4cVuf4G5JckTEH3C4yLUA==":"itil-436x436.png","iEiXKuujeeYEIIh/302Q2g==":"images-325x155.png","2YVs+Gq2EXqvqnMmiafOfQ==":"pmbok-200x200.png","TEqQz+g/ptmrRNnNjYaQuw==":"simplification_zachman_enterprise_framework-436x205.jpg","4p1Uf4MBup31+rMSYSY5ag==":"azure-436x249.png","YWaMxCGCkUVHqBrdsKDQRg==":"images-2-423x119.png","mFtYffQlH1Bs8gPLDbpKhw==":"e3-4-1_6_coso_eng-436x396.png","hop1NXcraqLQmzJ1n5vcww==":"sox-sarbanes-oxley-436x235.jpg","Y5eXQuG+t+ghhS0uvzw8/g==":"fig026.gif","YCN+3A40JMRsUAE60vqexA==":"jira_logo-436x218.png","S2EVXuWP8dtqUeF6yVM2sw==":"a-utilizao-de-conceitos-de-mudana-organizacional-para-maximizar-as-chances-de-sucesso-em-projetos-itil-29-638-635x357.jpg","mRXeCAZqZk2PSPl39WCZDA==":"a-utilizao-de-conceitos-de-mudana-organizacional-para-maximizar-as-chances-de-sucesso-em-projetos-itil-29-639-635x357.jpg","MYO1cS+loe7Mji/c494xrw==":"captura%20de%20tela%202018-06-11%20a%CC%80s%2010.37.53-952x604.png","jGf5Jlen2apJGHuFIXa7TQ==":"lei_logo4_leaper_url_blue_clear_bg.gif","XTUfovyuGfNuH8sv1zS8IA==":"captura%20de%20tela%202018-06-11%20a%CC%80s%2010.39.04-988x573.png","YR5U1lqicaXtubefuZ0Kng==":"esquema_cadeia_de_valor_porter-633x297.jpg","1o4wk56zee7o4pc6q5yQDQ==":"captura%20de%20tela%202018-06-11%20a%CC%80s%2010.37.53-982x623.png"}